DELETE FROM CARD_SET_CARDS;
DELETE FROM CARD_SET;
DELETE FROM CARD;
DELETE FROM CARD_PAIR;

INSERT INTO CARD_PAIR (ID) VALUES (1);
INSERT INTO CARD_PAIR (ID) VALUES (2);

INSERT INTO CARD (ID, MEDIA_PATH, MEDIA_TYPE, NAME, CARD_PAIR_ID)
    VALUES (1, 'test-url.de/harry-wand.png', 'image', 'harry-potter-magic-wand', 1);
INSERT INTO CARD (ID, MEDIA_PATH, MEDIA_TYPE, NAME, CARD_PAIR_ID)
    VALUES (2, 'test-url.de/harry-profile.png', 'image', 'harry-potter-profile', 1);

INSERT INTO CARD (ID, MEDIA_PATH, MEDIA_TYPE, NAME, CARD_PAIR_ID)
    VALUES (3, 'test-url.de/hagrid-dragon.png', 'image', 'hagrid-dragon', 2);
INSERT INTO CARD (ID, MEDIA_PATH, MEDIA_TYPE, NAME, CARD_PAIR_ID)
    VALUES (4, 'test-url.de/hagrid-hut.png', 'image', 'hagrid-hut', 2);

INSERT INTO CARD (ID, MEDIA_PATH, MEDIA_TYPE, NAME, CARD_PAIR_ID)
    VALUES (5, 'test-url.de/lort-ring.png', 'image', 'lort-ring', 1);
INSERT INTO CARD (ID, MEDIA_PATH, MEDIA_TYPE, NAME, CARD_PAIR_ID)
    VALUES (6, 'test-url.de/lort-sauron.png', 'image', 'lort-sauron', 1);

INSERT INTO CARD_SET(ID, NAME, TAGS) VALUES (1,'Harry Potter', 'Film;Zauberei;Magie;Fantasy');
INSERT INTO CARD_SET(ID, NAME, TAGS) VALUES (2,'Herr der Ringe', 'Film;Tolkin;Fantasy');

INSERT INTO CARD_SET_CARDS(CARD_SET_ID,CARDS_ID) VALUES(1,1);
INSERT INTO CARD_SET_CARDS(CARD_SET_ID,CARDS_ID) VALUES(1,2);
INSERT INTO CARD_SET_CARDS(CARD_SET_ID,CARDS_ID) VALUES(1,3);
INSERT INTO CARD_SET_CARDS(CARD_SET_ID,CARDS_ID) VALUES(1,4);
INSERT INTO CARD_SET_CARDS(CARD_SET_ID,CARDS_ID) VALUES(2,5);
INSERT INTO CARD_SET_CARDS(CARD_SET_ID,CARDS_ID) VALUES(2,6);



